id,title,title_jp,slug,summary,summary_jp,description,description_jp,meta_title,meta_description,meta_keyword,photo,stock,size,condition,status,price,price_jp,price_hk,discount,is_featured,extra_description,extra_description_jp,cat_id,child_cat_id,brand_id,duration,skill_level,skill_level_jp,lectures,language,language_jp,created_at,updated_at
1,Anime Character Design Fundamentals,アニメキャラクターデザインの基礎,anime-character-design-fundamentals,"Start your journey into character design by learning how memorable anime-inspired characters are created from simple ideas. You'll explore facial expressions, proportions, poses, and personality while building the confidence to design original characters that feel expressive, unique, and ready for illustrations, comics, or games.",シンプルなアイデアから思い出に残るアニメ風のキャラクターがどのように作成されるかを学ぶことで、キャラクターデザインへの旅を始めましょう。 表情、プロポーション、ポーズ、個性を探求しながら、表現力豊かでユニークで、イラスト、コミック、ゲームの準備ができているオリジナルのキャラクターをデザイ,"Start your creative journey with Anime Character Design Fundamentals and discover how professional artists transform simple ideas into memorable characters. Throughout this course, you'll learn the essentials of character construction, facial expressions, body proportions, dynamic poses, silhouettes, and personality development. Each lesson focuses on building confidence through practical exercises and easy-to-follow demonstrations that encourage creativity while strengthening technical skills. As you progress, you'll create original characters with unique identities, explore visual storytelling techniques, and understand the design principles used across anime, manga, games, and digital illustration. Whether you're completely new to drawing or looking to improve your artistic foundation, this course provides a supportive learning experience that helps you develop the skills needed to bring your imagination to life with confidence and creativity.",アニメキャラクターデザインの基礎から創造的な旅を始めて、プロのアーティストがシンプルなアイデアを思い出に残るキャラクターに変える方法を発見してください。 このコースでは、キャラクターの構築、表情、体のプロポーション、ダイナミックなポーズ、シルエット、個性の発達の本質を学びます。 各レッスンでは、技術的なスキルを強化しながら創造性を奨励する実践的な演習とわかりやすいデモンストレーションを通じて自信を築くことに焦点を当てています。 進行するにつれて、ユニークなアイデンティティを持つオリジナルのキャラクターを作成し、視覚的なストーリーテリング技術を探求し、アニメ、マンガ、ゲーム、デジタ あなたが描くことに全く新しいか、あなたの芸術的基盤を向上させるために探しているかどうか、このコースは、あなたが自信と創造性との生活にあな,Anime Character Design Fundamentals | Online Art Course,"Learn the fundamentals of anime character design, concept development, anatomy, and visual storytelling to create memorable characters for illustration, games, and digital media.","anime character design, character design course, concept art course, anime drawing, online art classes",storage/photos/products/1.webp,10000,,,active,0,0,0,0,0,,,1,0,0,8 Hours,,,,,,NULL,NULL
2,Character Anatomy & Dynamic Poses,キャラクターの解剖学とダイナミックなポーズ,character-anatomy-dynamic-poses,"Discover how the human body works through easy-to-follow anatomy lessons and dynamic pose practice. This course helps you draw natural movement, improve proportions, and create expressive characters with greater confidence, making your artwork more believable and visually engaging from the very beginning.",わかりやすい解剖学のレッスンとダイナミックなポーズの練習を通して、人体がどのように機能するかを発見してください。 このコースでは、自然な動きを描き、プロポーションを改善し、より自信を持って表現力豊かなキャラクターを作成し、アートワークを最初からより信じられ、視覚的に魅力的にするのに役立ちます。,"Discover the art of drawing believable characters by exploring anatomy, body structure, and dynamic movement in an approachable way. This course guides you through muscles, proportions, gestures, balance, and expressive poses while helping you understand how the human body works from an artist's perspective. Instead of memorizing complex anatomy, you'll build practical drawing skills through step-by-step exercises that improve confidence and accuracy. By the end of the course, you'll be able to create natural-looking characters with convincing movement and expressive body language, giving your illustrations more life, personality, and visual impact across anime, manga, comics, games, and digital artwork.",親しみやすい方法で解剖学、体の構造、動的な動きを探索することによって、信じられないキャラクターを描く芸術を発見してください。 このコースでは、筋肉、プロポーション、ジェスチャー、バランス、表現力豊かなポーズをガイドしながら、アーティストの視点から人体がどのように機能するかを理解するのに役立ちます。 複雑な解剖学を暗記するのではなく、自信と正確さを向上させるステップバイステップの演習を通じて実用的な描画スキルを構築します。 コースの終わりまでに、説得力のある動きと表現力豊かなボディランゲージで自然に見えるキャラクターを作成し、イラストにアニメ、マンガ、コミック、ゲーム、デジタルアートワーク全体でより多くの生命、個性、視覚的な影響を与えることができます。,Character Anatomy & Dynamic Poses | Online Art Course,"Master character anatomy, dynamic poses, movement, and figure construction while building confident drawing skills for anime, manga, illustration, and concept art projects.","character anatomy, dynamic poses, figure drawing, anatomy course, digital art training",storage/photos/products/2.webp,10000,,,active,0,0,0,0,0,,,1,0,0,12 Hours,,,,,,NULL,NULL
3,"Costume, Fashion & Character Styling",コスチューム、ファッション、キャラクタースタイリング,costume-fashion-character-styling,"Every great character has a style that tells a story. In this course, you'll learn how to design clothing, hairstyles, accessories, and costumes that reflect personality, genre, and mood while creating visually appealing characters with a strong and memorable identity.",すべての偉大なキャラクターは、物語を語るスタイルを持っています。 このコースでは、個性、ジャンル、気分を反映した服、ヘアスタイル、アクセサリー、衣装をデザインしながら、強く印象的なアイデンティティを持つ視覚的に魅力的なキャラクターを作成する方法を学びます。,"Every memorable character has a unique sense of style, and this course teaches you how to create clothing, accessories, hairstyles, and costumes that communicate personality and story. You'll explore different fashion inspirations, color combinations, fabric details, and silhouette design while learning how visual choices influence character identity. Through creative projects and practical demonstrations, you'll design outfits that suit various genres, from fantasy adventures to modern settings. The course encourages experimentation while helping you develop a consistent artistic style, making it easier to create original characters that feel authentic, visually appealing, and ready for illustrations, comics, animation, or game development.",すべての記憶に残るキャラクターは、スタイルのユニークな感覚を持っており、このコースでは、個性と物語を伝える服、アクセサリー、ヘアスタイル、衣装を作 ビジュアルの選択がキャラクターのアイデンティティにどのように影響するかを学びながら、さまざまなファッションのインスピレーション、色の組み合わせ、ファブリックディテール、シルエットデザインを探索します。 創造的なプロジェクトと実践的なデモンストレーションを通じて、ファンタジーの冒険から現代の設定まで、さまざまなジャンルに合った衣装をデザインします。 このコースでは、一貫した芸術的スタイルを開発しながら実験を奨励し、本物で視覚的に魅力的で、イラスト、漫画、アニメーション、またはゲーム開発の準備ができていると感じるオリジナルのキャラクターを簡単に作成できます。,"Costume, Fashion & Character Styling | Online Art Course","Create stylish character costumes, accessories, and fashion concepts while exploring color, personality, and visual identity for original character designs.","character costume design, anime fashion, character styling, costume illustration, design course",storage/photos/products/3.webp,10000,,,active,0,0,0,0,0,,,1,0,0,10 Hours,,,,,,NULL,NULL
4,Creature & Fantasy Character Design,クリーチャー＆ファンタジーキャラクターデザイン,creature-fantasy-character-design,"Step into the world of fantasy by designing creatures, magical beings, and original characters from your imagination. Learn creative design techniques, anatomy basics, and visual storytelling to bring unique ideas to life for illustrations, games, comics, and personal creative projects.",あなたの想像力から生き物、魔法の存在、およびオリジナルの文字を設計することにより、ファンタジーの世界に足を踏み入れます。 イラスト、ゲーム、漫画、個人的な創造的なプロジェクトのための生活にユニークなアイデアをもたらすために創造的なデザイン技術、解剖学の基礎、およ,"Bring your imagination to life by learning how to design original fantasy characters, magical creatures, mythical beings, and imaginative monsters. This course combines creative thinking with practical design techniques, helping you understand anatomy, shapes, textures, and storytelling while creating unique concepts from scratch. You'll explore different fantasy themes, experiment with visual styles, and develop creatures that feel believable within their fictional worlds. Through guided exercises and creative challenges, you'll strengthen your artistic confidence while producing original designs suitable for concept art, illustrations, games, comics, and entertainment projects that showcase your creativity and storytelling skills.",オリジナルのファンタジーキャラクター、魔法の生き物、神話上の存在、想像力豊かなモンスターをデザインする方法を学ぶことによって、あなたの想像 このコースでは、創造的思考と実用的なデザインテクニックを組み合わせて、解剖学、形、テクスチャ、ストーリーテリングを理解しながら、ユニークなコンセプトをゼロから作成するのに役立ちます。 さまざまなファンタジーのテーマを探索し、視覚的なスタイルを試し、架空の世界の中で信じられないと感じる生き物を開発します。 ガイド付きの演習と創造的な課題を通じて、あなたの創造性とストーリーテリングのスキルを紹介するコンセプトアート、イラスト、ゲーム、漫画、エンターテイメントプロジェクトに適したオリジナルのデザインを制作しながら、あなたの芸術的な自信を強化します。,Creature & Fantasy Character Design | Online Art Course,"Design imaginative creatures and fantasy characters using professional concept art techniques, creative anatomy, and visual development for entertainment and digital art.","creature design, fantasy character art, monster design, concept illustration, digital art course",storage/photos/products/4.webp,10000,,,active,0,0,0,0,0,,,1,0,0,14 Hours,,,,,,NULL,NULL
5,Professional Character Concept Art,プロのキャラクターコンセプトアート,professional-character-concept-art,"Learn how professional artists turn rough sketches into polished concept art. This course introduces creative workflows, character development, and presentation techniques while helping you create portfolio-ready artwork that showcases both your artistic skills and original ideas.",プロのアーティストがラフスケッチを洗練されたコンセプトアートに変える方法を学びましょう。 このコースでは、創造的なワークフロー、キャラクター開発、プレゼンテーションテクニックを紹介しながら、芸術的スキルと独創的なアイデアの両方を紹介するポートフォリオ対応のアートワークを作成するのに役立ちます。,"Professional concept artists do much more than create attractive drawings—they solve creative problems through visual design. In this course, you'll learn the complete concept art workflow, from brainstorming ideas and sketching thumbnails to refining polished character presentations. Discover how professionals develop strong silhouettes, explore multiple design variations, and communicate ideas clearly through artwork. Along the way, you'll build portfolio-quality projects while improving creativity, presentation, and artistic decision-making. Whether your goal is entertainment design, illustration, or personal creative growth, this course provides practical knowledge that helps you transform rough ideas into polished character concepts ready for professional portfolios.",プロのコンセプトアーティストは、魅力的な図面を作成するだけでなく、視覚的なデザインを通じて創造的な問題を解決します。 このコースでは、アイデアのブレーンストーミングやサムネイルのスケッチから、洗練されたキャラクタープレゼンテーションの精緻化まで、完全なコンセプトアートのワークフローを学びます。 プロフェッショナルがどのようにして強いシルエットを開発し、複数のデザインバリエーションを探索し、アートワークを通じてアイデアを明確に伝えるかを発見してください。 その過程で、創造性、プレゼンテーション、芸術的意思決定を向上させながら、ポートフォリオ品質のプロジェクトを構築します。 あなたの目標は、エンターテイメントデザイン、イラスト、または個人的な創造的な成長であるかどうか、このコースは、あなたがプロのポートフォリオの,Professional Character Concept Art | Online Art Course,"Develop production-ready character concept art by combining creative ideas, design principles, anatomy, and storytelling into polished portfolio-quality artwork.","character concept art, professional concept art, visual development, entertainment design, online course",storage/photos/products/5.webp,10000,,,active,0,0,0,0,0,,,1,0,0,16 Hours,,,,,,NULL,NULL
6,Digital Drawing Essentials,デジタル描画の必需品,digital-drawing-essentials,"Build a solid foundation in digital drawing with simple techniques that improve sketching, line work, and overall confidence. Whether you're new to digital art or refining your basics, you'll develop practical skills that prepare you for more advanced illustration projects.",スケッチ、ラインワーク、および全体的な自信を向上させる簡単な技術でデジタル描画の強固な基盤を構築します。 デジタルアートに慣れていない場合でも、基本を洗練している場合でも、より高度なイラストプロジェクトに備える実践的なスキルを身につけます。,"Build lasting confidence in digital art by learning the essential skills every illustrator should know. This course introduces digital sketching, line art, brush control, composition, and workflow techniques using modern drawing software. Through easy-to-follow lessons and hands-on projects, you'll understand how to create clean, polished artwork while developing consistent drawing habits. Rather than focusing only on software tools, the course emphasizes artistic fundamentals that improve every illustration you create. By strengthening your drawing foundation, you'll be well prepared for advanced painting, concept art, comics, animation, and professional illustration projects while enjoying the creative process from the very first lesson.",すべてのイラストレーターが知っておくべき本質的なスキルを学ぶことによって、デジタルアートに永続的な自信を構築します。 このコースでは、現代の描画ソフトウェアを使用して、デジタルスケッチ、ラインアート、ブラシ制御、組成物、およびワークフローの技術を紹介します。 わかりやすいレッスンと実践的なプロジェクトを通じて、一貫した描画習慣を開発しながら、きれいで洗練されたアートワークを作成する方法を理解 このコースでは、ソフトウェアツールだけに焦点を当てるのではなく、作成するすべてのイラストを改善する芸術的な基礎を強調します。 あなたの描画の基礎を強化することにより、非常に最初のレッスンからの創造的なプロセスを楽しみながら、高度な絵画、コンセプトアート、漫画、アニメ、プロのイラストプロジェクトのために十分に準備されます。,Digital Drawing Essentials | Online Art Course,"Build a strong foundation in digital drawing through sketching, line art, composition, and essential illustration techniques using professional digital art workflows.","digital drawing, drawing fundamentals, digital sketching, illustration basics, online art course",storage/photos/products/6.webp,10000,,,active,0,0,0,0,0,,,2,0,0,8 Hours,,,,,,NULL,NULL
7,Color Theory & Digital Painting,カラー理論＆デジタル絵画,color-theory-digital-painting,"Bring your artwork to life with color, lighting, and painting techniques that make every illustration more vibrant and expressive. Learn how to combine colors, create depth, and build atmosphere while developing a strong understanding of digital painting fundamentals.",あらゆる実例をより活気に満ち、表現力豊かにさせる色、照明および絵画技術の生命にあなたのアートワークを持って来なさい。 デジタルペインティングの基礎を強く理解しながら、色を組み合わせ、深みを作り、雰囲気を作る方法を学びます。,"Master the foundations of digital painting by learning how color, light, and brush techniques work together to create visually engaging artwork. This course explores color harmony, shading, blending, texture creation, and rendering methods through practical demonstrations and creative exercises. You'll discover how artists use color to communicate emotion, guide attention, and build atmosphere within an illustration. As your confidence grows, you'll create vibrant digital paintings with improved depth, balance, and realism while developing a stronger artistic style suitable for character art, environments, illustrations, and creative portfolio projects.",色、光、ブラシのテクニックがどのように連携して視覚的に魅力的なアートワークを作成するかを学ぶことで、デジタルペインティングの基礎を習得 このコースでは、実践的なデモンストレーションと創造的な演習を通じて、色の調和、シェーディング、ブレンド、テクスチャの作成、レンダ アーティストが色を使用して感情を伝え、注意を導き、イラスト内の雰囲気を構築する方法を発見できます。 あなたの自信が成長するにつれて、キャラクターアート、環境、イラスト、創造的なポートフォリオプロジェクトに適した強力な芸術的スタイルを開発しながら、深さ、バランス、リアリズムを向上させた活気に満ちたデジタルペインティングを作成します。,Color Theory & Digital Painting | Online Art Course,"Explore color theory, digital painting, blending, shading, and rendering techniques to create vibrant illustrations with depth, harmony, and artistic expression.","color theory, digital painting, color harmony, painting techniques, illustration course",storage/photos/products/12.webp,10000,,,active,0,0,0,0,0,,,2,0,0,12 Hours,,,,,,NULL,NULL
8,Lighting & Atmospheric Illustration,照明＆雰囲気イラスト,lighting-atmospheric-illustration,"Lighting has the power to completely change the mood of an illustration. In this course, you'll discover how to use shadows, highlights, and atmosphere to create depth, emotion, and eye-catching artwork with a more polished and professional appearance.",照明には、イラストの気分を完全に変える力があります。 このコースでは、影、ハイライト、雰囲気を使用して、より洗練されたプロフェッショナルな外観で深み、感情、目を引くアートワークを作成する方法を学びます。,"Lighting can completely transform the mood of an illustration, and this course teaches you how to use it with confidence. Explore highlights, shadows, reflections, atmospheric effects, and color temperature while learning how professional artists create depth and emotion through light. You'll experiment with different lighting scenarios, from soft natural daylight to dramatic cinematic scenes, developing practical techniques that enhance every artwork you create. By understanding how light interacts with forms, materials, and environments, you'll produce illustrations that feel richer, more immersive, and visually compelling across a wide variety of creative projects.",照明はイラストの雰囲気を完全に変えることができ、このコースでは自信を持ってそれを使用する方法を教えてくれます。 プロのアーティストが光を通して深みと感情をどのように作り出すかを学びながら、ハイライト、影、反射、大気効果、色温度を探ります。 柔らかく自然な日光から劇的な映画のシーンまで、さまざまな照明シナリオを試し、作成するすべてのアートワークを強化する実用的なテクニックを開発します。 光がフォーム、マテリアル、環境とどのように相互作用するかを理解することで、さまざまなクリエイティブプロジェクトで、より豊かで没入感があり、視覚的に魅力的なイラストを作成できます。,Lighting & Atmospheric Illustration | Online Art Course,"Learn lighting, shadows, atmosphere, and mood creation to produce visually engaging digital illustrations with realistic depth and cinematic artistic impact.","lighting illustration, atmospheric painting, digital lighting, environment lighting, art course",storage/photos/products/13.webp,10000,,,active,0,0,0,0,0,,,2,0,0,12 Hours,,,,,,NULL,NULL
9,Advanced Rendering Techniques,高度なレンダリング技術,advanced-rendering-techniques,"Take your digital artwork to the next level by learning advanced rendering techniques used by professional illustrators. Improve textures, materials, and finishing details while creating polished artwork that stands out in portfolios, personal projects, and creative showcases.",プロのイラストレーターが使用する高度なレンダリング技術を学ぶことによって、次のレベルにあなたのデジタルアートワークを取ります。 ポートフォリオ、個人的なプロジェクト、クリエイティブなショーケースで際立っている洗練されたアートワークを作成しながら、テクスチャ、素材、仕上げの詳細を改善します。,"Take your digital painting skills beyond the basics by mastering advanced rendering techniques that add realism, polish, and visual appeal. This course focuses on textures, materials, edge control, color refinement, and finishing details that help artwork stand out professionally. Through guided projects and creative practice, you'll learn efficient workflows that improve both quality and productivity. Each lesson encourages artistic growth while helping you create polished illustrations suitable for portfolios, freelance opportunities, publishing, entertainment, and personal creative achievements.",リアリズム、ポリッシュ、および視覚的な魅力を追加する高度なレンダリング技術を習得することにより、基本を超えてあなたのデジタ このコースでは、アートワークが専門的に目立つのに役立つテクスチャ、素材、エッジコントロール、色の洗練、仕上げの詳細に焦点を当てています。 ガイド付きプロジェクトと創造的な実践を通じて、品質と生産性の両方を向上させる効率的なワークフローを学びます。 各レッスンを芸術的成長をお手伝いを研磨したイラストに適したポートフォリオ、フリーランスの機会、出版、エンターテイメント、個人の創造。,Advanced Rendering Techniques | Online Art Course,"Refine advanced rendering skills with professional painting techniques, realistic textures, polished finishes, and production-quality digital illustration workflows.","advanced rendering, digital rendering, painting techniques, illustration skills, concept art",storage/photos/products/14.webp,10000,,,active,0,0,0,0,0,,,2,0,0,16 Hours,,,,,,NULL,NULL
10,Portfolio Illustration Masterclass,ポートフォリオイラストのマスタークラス,portfolio-illustration-masterclass,"Showcase your best work with a portfolio that reflects your artistic style and technical skills. Learn how to select, organize, and present your artwork professionally, helping you prepare for freelance opportunities, higher education, or careers in the creative industry.",あなたの芸術的なスタイルと技術的なスキルを反映したポートフォリオであなたの最高の作品を紹介します。 あなたのアートワークを専門的に選択、整理、提示する方法を学び、フリーランスの機会、高等教育、または創造的な業界でのキャリアの準備を支援します。,"Create a portfolio that represents your artistic strengths while presenting your work professionally and confidently. This course guides you through selecting projects, organizing artwork, refining presentations, and understanding what clients, schools, and creative employers often look for. You'll learn how to showcase your unique artistic style while building a collection of high-quality work that demonstrates growth, creativity, and technical ability. By the end of the course, you'll have a polished portfolio ready to support freelance opportunities, further education, or creative career goals.",あなたの仕事を専門的かつ自信を持って提示しながら、あなたの芸術的な強みを表すポートフォリオを作成します。 このコースでは、プロジェクトの選択、アートワークの整理、プレゼンテーションの洗練、クライアント、学校、創造的な雇用主がよく探しているものを理解することをガイドします。 成長、創造性、技術的能力を示す高品質の作品のコレクションを構築しながら、あなたのユニークな芸術的スタイルを紹介する方法を学びます。 コースの終わりまでに、フリーランスの機会、さらなる教育、または創造的なキャリアの目標をサポートする準備ができて洗練されたポートフォリオ,Portfolio Illustration Masterclass | Online Art Course,"Create an impressive illustration portfolio featuring polished artwork, professional presentation, and industry-ready projects for creative careers and freelance opportunities.","illustration portfolio, professional artwork, portfolio development, digital illustration, online training",storage/photos/products/15.webp,10000,,,active,0,0,0,0,0,,,2,0,0,20 Hours,,,,,,NULL,NULL
11,Manga Drawing Fundamentals,マンガの描き方の基礎,manga-drawing-fundamentals,"Learn the foundations of manga creation through character drawing, expressions, storytelling, and page composition. This course introduces the essential techniques used by manga artists while helping you create engaging comics that connect with readers through strong visual storytelling.",キャラクターの描画、表現、ストーリーテリング、ページ構成を通じて、マンガ制作の基礎を学びます。 このコースでは、漫画家が使用する本質的なテクニックを紹介しながら、強力な視覚的なストーリーテリングを通じて読者とつながる魅力的な漫画を作,"Learn the foundations of manga creation through character drawing, storytelling, expressions, and page composition. This course introduces the techniques that make manga engaging while helping you develop your own artistic voice. Through practical exercises and creative projects, you'll gain confidence in designing characters, arranging panels, and building stories that connect with readers through expressive visuals and meaningful narratives.",キャラクターの描画、ストーリーテリング、表現、ページ構成を通じて、マンガ制作の基礎を学びます。 このコースでは、あなた自身の芸術的な声を開発するのを助けながら、マンガを魅力的にする技術を紹介します。 実践的な演習や創造的なプロジェクトを通じて、キャラクターのデザイン、パネルの配置、表現力豊かなビジュアルや意味のある物語を通じて読者とつながるストーリーの構築に自信を得ることができます。,Manga Drawing Fundamentals | Online Art Course,"Learn manga drawing fundamentals including character creation, expressions, panel composition, and storytelling techniques for engaging comic and graphic narratives.","manga drawing, manga art course, comic drawing, manga illustration, online manga classes",storage/photos/products/16.webp,10000,,,active,0,0,0,0,0,,,3,0,0,10 Hours,,,,,,NULL,NULL
12,Webtoon Creation & Publishing,Webtoonの作成及び出版,webtoon-creation-publishing,"Turn your ideas into engaging webtoons by learning storytelling, vertical layouts, panel flow, dialogue, and digital publishing techniques. You'll create comics designed for modern readers while building practical skills that help transform your stories into polished, shareable digital experiences.",ストーリーテリング、縦型レイアウト、パネルフロー、対話、デジタルパブリッシングのテクニックを学ぶことで、アイデアを魅力的なウェブトゥーンに変えましょう。 現代の読者向けにデザインされたコミックを作成し、ストーリーを洗練された共有可能なデジタル体験に変えるのに役立つ実践的なスキルを構築します。,"Turn your creative ideas into engaging webtoons by learning how to structure stories for modern digital readers. You'll explore vertical layouts, pacing, dialogue placement, character development, and digital publishing workflows while creating episodes that are enjoyable to read. This course provides practical guidance for anyone interested in producing original webtoons with a professional and polished presentation.",現代のデジタル読者のための物語を構造化する方法を学ぶことによって、魅力的なwebtoonにあなたの創造的なアイデアを回します。 縦方向のレイアウト、ペーシング、対話の配置、キャラクターの開発、デジタルパブリッシングのワークフローを探索しながら、読みやすいエピソードを作成します。 このコースでは、プロと洗練されたプレゼンテーションでオリジナルのwebtoonの生産に興味のある人のための実用的なガイ,Webtoon Creation & Publishing | Online Art Course,"Create compelling webtoons from concept to publication by mastering storytelling, vertical layouts, pacing, dialogue, and digital comic production techniques.","webtoon creation, webtoon course, digital comics, webtoon publishing, comic art",storage/photos/products/23.webp,10000,,,active,0,0,0,0,0,,,3,0,0,14 Hours,,,,,,NULL,NULL
13,Comic Layout & Panel Design,コミックレイアウト＆パネルデザイン,comic-layout-panel-design,"Discover how strong comic layouts and panel composition guide readers through every scene. Learn pacing, transitions, visual balance, and storytelling techniques that make your manga and webtoon pages more engaging, dynamic, and enjoyable to read.",どのように強力な漫画のレイアウトとパネル構成ガイド読者のすべてのシーンを発見します。 ペーシング、トランジション、ビジュアルバランス、ストーリーテリングのテクニックを学び、マンガやウェブトゥーンのページをより魅力的でダイナミックで楽しく読むことができます。,"Great comics rely on thoughtful layouts that naturally guide readers through every scene. In this course, you'll discover how panel placement, pacing, composition, and visual flow work together to strengthen storytelling. Through hands-on exercises, you'll learn techniques that make your manga and webtoon pages more engaging, dynamic, and easier to follow while improving the overall reading experience.",偉大な漫画は、すべてのシーンを通して読者を自然に導く思慮深いレイアウトに依存しています。 このコースでは、パネルの配置、ペーシング、構成、視覚的な流れがどのように連携してストーリーテリングを強化するかを学びます。 実践的な演習を通じて、あなたは全体的な読書体験を向上させながら、あなたの漫画やwebtoonページをより魅力的でダイナミックで、フォローしやすくするテク,Comic Layout & Panel Design | Online Art Course,"Design effective comic layouts and dynamic panel compositions that improve storytelling, readability, pacing, and visual engagement across manga and webtoon projects.","comic layout, panel design, sequential art, comic storytelling, manga course",storage/photos/products/24.webp,10000,,,active,0,0,0,0,0,,,3,0,0,12 Hours,,,,,,NULL,NULL
14,Storyboarding & Visual Narrative,ストーリーボード＆ビジュアルナラティブ,storyboarding-visual-narrative,"Bring your stories to life by learning the fundamentals of storyboarding and visual narrative. Explore scene planning, camera angles, composition, and pacing while developing the skills needed to communicate ideas clearly for comics, animation, and creative projects.",ストーリーボードと視覚的な物語の基礎を学ぶことによって、あなたの物語を生き生きとさせてください。 漫画、アニメーション、クリエイティブプロジェクトのアイデアを明確に伝えるために必要なスキルを開発しながら、シーンプランニング、カメラアングル、コンポジション、ペーシングを探索します。,"Bring your ideas to life by learning the fundamentals of storyboarding and visual storytelling. This course teaches you how to organize scenes, plan camera angles, create visual sequences, and communicate emotion through images. Whether you're interested in animation, comics, or illustration, you'll develop practical storytelling skills that make every project more engaging and visually compelling.",ストーリーボードとビジュアルストーリーテリングの基礎を学ぶことで、アイデアに命を吹き込みましょう。 このコースでは、シーンを整理し、カメラアングルを計画し、ビジュアルシーケンスを作成し、画像を介して感情を伝える方法を教えます。 アニメーション、コミック、イラストに興味があるかどうかにかかわらず、すべてのプロジェクトをより魅力的で視覚的に魅力的にする実践的なストーリーテリングスキルを開発します。,Storyboarding & Visual Narrative | Online Art Course,"Develop storyboarding and visual narrative skills to communicate action, emotion, and storytelling through sequential illustrations for comics and animation.","storyboarding, visual storytelling, narrative art, storyboard design, illustration course",storage/photos/products/25.webp,10000,,,active,0,0,0,0,0,,,3,0,0,10 Hours,,,,,,NULL,NULL
15,Professional Manga Production,プロの漫画制作,professional-manga-production,"Experience the complete manga creation process from early planning and sketching to inking, finishing, and preparing pages for publication. Build efficient workflows that improve consistency while creating polished manga artwork from start to finish.",初期の計画やスケッチから、インク、仕上げ、出版のためのページの準備に至るまで、完全な漫画作成プロセスを体験してください。 最初から最後まで洗練されたマンガのアートワークを作成しながら、一貫性を向上させる効率的なワークフローを構築します。,"Experience the complete process of creating manga from the first concept to finished pages ready for publication. Learn planning, sketching, inking, refining artwork, and organizing an efficient creative workflow. By following professional production techniques, you'll gain the confidence to complete polished manga projects while improving both speed and artistic consistency.",最初のコンセプトから出版の準備ができて完成したページに漫画を作成する完全なプロセスを体験してください。 計画、スケッチ、インク、アートワークの精製、効率的な創造的なワークフローの整理を学びます。 専門の生産の技術に続くことによって、速度および功妙な一貫性を両方改善している間磨かれた漫画のプロジェクトを完了するために信任を得,Professional Manga Production | Online Art Course,"Master the complete manga production workflow from planning and sketching to inking, finishing, and preparing professional-quality pages for publication.","manga production, comic production, manga workflow, professional manga, online art training",storage/photos/products/26.webp,10000,,,active,0,0,0,0,0,,,3,0,0,18 Hours,,,,,,NULL,NULL
16,Perspective & Background Drawing,パースペクティブ&背景描画,perspective-background-drawing,"Learn how to draw realistic backgrounds using perspective, composition, and environmental design principles. From interiors to outdoor scenes, you'll create believable spaces that support your characters and strengthen the storytelling in every illustration.",遠近法、構図、環境設計の原則を使用して、現実的な背景を描く方法を学びます。 インテリアから屋外のシーンまで、キャラクターをサポートし、すべてのイラストのストーリーテリングを強化する信じられないほどのスペースを作成します。,"Learn how to create believable environments through perspective drawing, composition, and background illustration techniques. This course covers everything from simple interiors to detailed outdoor scenes while helping you understand depth, scale, and spatial relationships. As your skills grow, you'll create backgrounds that naturally support your characters and enrich the storytelling within every illustration.",遠近法、構図、背景イラストのテクニックを通じて、信じられない環境を作成する方法を学びます。 このコースでは、シンプルなインテリアから詳細な屋外シーンまで、深さ、スケール、空間的な関係を理解するのに役立ちます。 としてのスキルの成長だけを背景と自然を支え文字を豊かに語り内イラストです。,Perspective & Background Drawing | Online Art Course,"Learn perspective drawing and background illustration techniques to create believable environments, interiors, landscapes, and immersive visual scenes with confidence.","perspective drawing, background art, environment drawing, landscape illustration, art fundamentals",storage/photos/products/27.webp,10000,,,active,0,0,0,0,0,,,4,0,0,10 Hours,,,,,,NULL,NULL
17,Fantasy Environment Design,ファンタジー環境デザイン,fantasy-environment-design,"Create breathtaking fantasy worlds filled with magical forests, castles, villages, and imaginative landscapes. Learn environment design, lighting, and composition techniques that help you build immersive settings for illustrations, comics, games, and visual storytelling.",魔法の森、城、村、想像力豊かな風景で満たされた息をのむようなファンタジーの世界を作成します。 イラスト、コミック、ゲーム、ビジュアルストーリーテリングの没入感のある設定を構築するのに役立つ環境デザイン、照明、コンポジションのテクニックを学びます。,"Create breathtaking fantasy worlds filled with magical forests, castles, villages, ancient ruins, and imaginative landscapes. This course explores environment design, composition, lighting, color, and atmosphere while teaching you how to build immersive settings that enhance storytelling. Through creative projects and practical techniques, you'll develop the confidence to design memorable worlds for illustrations, games, comics, and animation.",魔法の森、城、村、古代遺跡、想像力豊かな風景で満たされた息をのむようなファンタジーの世界を作成します。 このコースでは、ストーリーテリングを強化する没入型の設定を構築する方法を教えながら、環境デザイン、構成、照明、色、雰囲気を探ります。 創造的なプロジェクトと実践的なテクニックを通じて、イラスト、ゲーム、漫画、アニメーションのための思い出に残る世界をデザインする自信を育,Fantasy Environment Design | Online Art Course,"Design imaginative fantasy environments featuring castles, forests, cities, and magical worlds while mastering composition, lighting, and environmental storytelling.","fantasy environment, world design, environment concept art, digital landscapes, illustration course",storage/photos/products/28.webp,10000,,,active,0,0,0,0,0,,,4,0,0,14 Hours,,,,,,NULL,NULL
18,Architecture & Cityscape Illustration,建築-街並みイラスト,architecture-cityscape-illustration,"Explore architectural drawing and cityscape illustration through structured lessons focused on buildings, streets, and urban environments. Develop perspective skills and visual accuracy while creating detailed locations that add depth and realism to your artwork.",建物、通り、都市環境に焦点を当てた構造化されたレッスンを通じて、建築の描画と都市景観のイラストを探索します。 あなたのアートワークに深さとリアリズムを追加する詳細な場所を作成しながら、遠近法のスキルと視覚的な精度を開発します。,"Explore the art of architectural illustration by learning how to draw buildings, cityscapes, streets, and urban environments with accuracy and creativity. You'll strengthen your understanding of perspective, structure, composition, and environmental details while producing visually rich locations that add realism and depth to illustrations, concept art, comics, and digital entertainment projects.",正確さと創造性を持つ建物、街並み、通り、都市環境を描く方法を学ぶことによって、建築イラストの芸術を探ります。 イラスト、コンセプトアート、コミック、デジタルエンターテインメントプロジェクトにリアリズムと深みを加える視覚的に豊かな場所を制作しながら、遠近法、構造、構成、環境の詳細についての理解を強化します。,Architecture & Cityscape Illustration | Online Art Course,"Create detailed architectural illustrations and dynamic cityscapes using perspective, structure, composition, and professional environment art techniques.","architecture drawing, cityscape illustration, perspective art, urban environments, digital art",storage/photos/products/34.webp,10000,,,active,0,0,0,0,0,,,4,0,0,16 Hours,,,,,,NULL,NULL
19,Cinematic Environment Painting,映画環境絵画,cinematic-environment-painting,"Learn how cinematic lighting, atmosphere, and composition can transform ordinary scenes into memorable artwork. This course focuses on creating dramatic environments that capture emotion, enhance storytelling, and leave a lasting visual impression.",映画のような照明、雰囲気、構図が、普通のシーンを思い出に残るアートワークに変える方法を学びましょう。 このコースでは、感情を捉え、ストーリーテリングを強化し、永続的な視覚的印象を残す劇的な環境を作成することに焦点を当てています。,"Learn how to create cinematic environment paintings that capture emotion, atmosphere, and dramatic visual impact. Through lessons focused on lighting, composition, mood, and color, you'll discover techniques used by professional artists to design immersive scenes that support storytelling and leave a lasting impression in illustrations, games, films, and creative portfolios.",感情、雰囲気、劇的な視覚的影響をキャプチャする映画の環境の絵画を作成する方法を学びます。 照明、構図、ムード、色に焦点を当てたレッスンを通して、プロのアーティストがストーリーテリングをサポートし、イラスト、ゲーム、映画、クリエイティブポートフォリオに永続的な印象を残す没入型シーンをデザインするために使用するテクニックを発見します。,Cinematic Environment Painting | Online Art Course,"Paint cinematic environments with dramatic lighting, rich atmosphere, and compelling visual storytelling suitable for concept art, games, and digital illustration.","environment painting, cinematic art, landscape painting, digital environment, concept art",storage/photos/products/35.webp,10000,,,active,0,0,0,0,0,,,4,0,0,18 Hours,,,,,,NULL,NULL
20,Worldbuilding for Visual Stories,視覚的な物語のための世界構築,worldbuilding-visual-stories,"Build rich fictional worlds by combining landscapes, cultures, architecture, and environmental storytelling into cohesive settings. Learn creative worldbuilding techniques that help your illustrations, comics, games, and visual stories feel immersive, believable, and full of life.",風景、文化、建築、環境ストーリーテリングをまとまりのある設定に組み合わせることで、豊かな架空の世界を構築します。 あなたのイラスト、漫画、ゲーム、および視覚的な物語は、没入感、信じられない、と人生の完全な感じを助ける創造的な世界構築の技術を学びます。,"Build believable fictional worlds by combining landscapes, architecture, cultures, history, and environmental storytelling into cohesive settings. This course teaches you how to connect visual design with narrative ideas, helping you create immersive worlds that feel authentic while supporting characters, stories, games, comics, and imaginative creative projects.",風景、建築、文化、歴史、環境のストーリーテリングをまとまりのある設定に組み合わせることで、信じられない架空の世界を構築します。 このコースでは、ビジュアルデザインと物語のアイデアを結びつける方法を学び、キャラクター、ストーリー、ゲーム、コミック、想像力豊かな創造的なプロジェクトをサポートしながら、本物のように感じる没入型の世界を作成するのに役立ちます。,Worldbuilding for Visual Stories | Online Art Course,"Build immersive fictional worlds through environment design, visual storytelling, culture creation, and landscape development for animation, games, and illustrated media.","worldbuilding, environment design, fantasy worlds, visual storytelling, concept illustration",storage/photos/products/36.webp,10000,,,active,0,0,0,0,0,,,4,0,0,20 Hours,,,,,,NULL,NULL
21,Game Character Design,ゲームキャラクターデザイン,game-character-design,"Design original game characters by combining creativity with professional design principles. Learn how to develop memorable heroes, villains, and supporting characters while exploring anatomy, personality, costumes, and visual storytelling for interactive entertainment.",創造性とプロのデザイン原則を組み合わせて、オリジナルのゲームキャラクターをデザインします。 インタラクティブなエンターテイメントのための解剖学、人格、衣装、視覚的なストーリーテリングを探索しながら、思い出に残るヒーロー、悪役、,"Discover the creative process behind designing memorable game characters from initial sketches to polished concepts. You'll learn anatomy, silhouettes, costumes, personality development, and visual storytelling while creating original characters that are suitable for a wide variety of game genres and interactive entertainment experiences.",最初のスケッチから洗練された概念に記憶に残るゲームのキャラクターを設計する背後にある創造的なプロセスを発見。 さまざまなゲームジャンルやインタラクティブなエンターテイメント体験に適したオリジナルのキャラクターを作成しながら、解剖学、シルエット、衣装、人格開発、視覚的なストーリーテリングを学びます。,Game Character Design | Online Art Course,"Design engaging game characters with professional workflows covering anatomy, costumes, personality, and concept development for modern interactive entertainment.","game character design, video game art, character concept, game illustration, online course",storage/photos/products/37.webp,10000,,,active,0,0,0,0,0,,,5,0,0,14 Hours,,,,,,NULL,NULL
22,Game Environment Concept Art,ゲーム環境コンセプトアート,game-environment-concept-art,"Create immersive game environments that capture attention and support engaging gameplay. Explore concept development, composition, lighting, and environmental storytelling while designing locations suitable for fantasy, science fiction, and modern game worlds.",注目を集め、魅力的なゲームプレイをサポートする没入型ゲーム環境を作成します。 ファンタジー、sf、現代のゲームの世界に適した場所を設計しながら、コンセプトの開発、構成、照明、環境ストーリーテリングを探索します。,"Design immersive game environments that enhance exploration and storytelling while supporting engaging gameplay. This course introduces concept development, environmental composition, lighting, architecture, and mood creation through practical projects that help you build visually compelling locations for fantasy, science fiction, and modern game worlds.",魅力的なゲームプレイをサポートしながら、探索とストーリーテリングを強化する没入型ゲーム環境を設計します。 このコースでは、ファンタジー、sf、現代のゲームの世界のための視覚的に魅力的な場所を構築するのに役立つ実践的なプロジェクトを通じて、コンセプト開発、環境構成、照明、建築、気分の創造を紹介します。,Game Environment Concept Art | Online Art Course,"Create game environment concept art featuring immersive locations, landscapes, architecture, and visual storytelling for interactive digital experiences.","game environment art, level concept art, digital environments, game design, concept course",storage/photos/products/38.webp,10000,,,active,0,0,0,0,0,,,5,0,0,16 Hours,,,,,,NULL,NULL
23,"Props, Weapons & Asset Design",小道具、武器、資産デザイン,props-weapons-asset-design,"Learn how to design detailed props, weapons, equipment, and interactive assets that bring digital worlds to life. Develop practical workflows and creative problem-solving skills while producing artwork suitable for games, concept art, and entertainment projects.",デジタルの世界を生き生きとさせる詳細な小道具、武器、装備、インタラクティブな資産を設計する方法を学びます。 ゲーム、コンセプトアート、エンターテインメントプロジェクトに適したアートワークを制作しながら、実践的なワークフローと創造的な問題解決スキルを開発します。,"Learn how to design professional-quality props, weapons, equipment, and interactive assets that add depth and realism to digital worlds. Through creative exercises and production-focused workflows, you'll develop the skills needed to create detailed assets suitable for concept art, game development, and entertainment design projects.",デジタル世界に深みとリアリズムを加える、プロ品質の小道具、武器、装備、インタラクティブなアセットを設計する方法を学びます。 クリエイティブな演習と制作に焦点を当てたワークフローを通じて、コンセプトアート、ゲーム開発、エンターテイメントデザインプロジェクトに適した詳細なアセットを作成するために必要なスキルを開発します。,"Props, Weapons & Asset Design | Online Art Course","Design detailed props, weapons, equipment, and game assets while learning production-ready workflows for concept art and interactive media projects.","game props, weapon design, asset creation, game assets, digital concept art",storage/photos/products/42.webp,10000,,,active,0,0,0,0,0,,,5,0,0,12 Hours,,,,,,NULL,NULL
24,UI Art for Games & Interactive Media,ゲーム＆インタラクティブメディアのためのUIアート,ui-art-games-interactive-media,"Discover the principles of game interface design by creating icons, menus, buttons, and visual elements that improve player experiences. Learn how creativity and usability work together to build attractive, intuitive interfaces for interactive digital media.",アイコン、メニュー、ボタン、およびプレイヤーの体験を向上させる視覚的要素を作成することにより、ゲームインターフェイスデザインの原則を発見。 創造性と使いやすさがどのように連携して、インタラクティブなデジタルメディア用の魅力的で直感的なインターフェイスを構築するかを学びます。,"Discover how intuitive user interfaces improve the player experience while enhancing the visual identity of a game. This course introduces interface design principles, icons, menus, buttons, and interactive elements, helping you create attractive, functional, and user-friendly UI artwork for games and digital applications.",直感的なユーザーインターフェイスが、ゲームの視覚的アイデンティティを強化しながら、プレイヤーの体験を向上させる方法を発見します。 このコースでは、インターフェイス設計の原則、アイコン、メニュー、ボタン、およびインタラクティブな要素を紹介し、ゲームやデジタルアプリケーション用の魅力的で機能的でユーザーフレンドリーなUIアートワークを作成するのに役立ちます。,UI Art for Games & Interactive Media | Online Art Course,"Learn game UI art and interactive media design by creating intuitive interfaces, icons, menus, and visual elements that enhance player experiences.","game ui design, interface art, interactive media, ui illustration, game graphics",storage/photos/products/45.webp,10000,,,active,0,0,0,0,0,,,5,0,0,10 Hours,,,,,,NULL,NULL
25,Professional Game Art Portfolio,プロのゲームアートポートフォリオ,professional-game-art-portfolio,"Prepare for creative opportunities by building a professional game art portfolio that showcases your strongest work. Learn how to present characters, environments, assets, and concept art in a way that highlights your skills and artistic growth.",あなたの最も強い仕事を展示する専門のゲームの芸術の有価証券を造ることによって創造的な機会のために準備しなさい。 あなたのスキルと芸術的成長を強調する方法で、キャラクター、環境、資産、コンセプトアートを提示する方法を学びます。,"Prepare for creative opportunities by building a polished game art portfolio that reflects your skills, creativity, and artistic growth. Learn how to select your strongest work, present projects professionally, and organize characters, environments, concept art, and assets into a portfolio that leaves a lasting impression on clients, studios, and educational institutions.",あなたのスキル、創造性、芸術的成長を反映した洗練されたゲームアートポートフォリオを構築することにより、創造的な機会に備えてください。 あなたの最強の作品を選択し、専門的にプロジェクトを提示し、クライアント、スタジオ、教育機関に永続的な印象を残すポートフォリオに文字、環境、コンセ,Professional Game Art Portfolio | Online Art Course,"Build a professional game art portfolio showcasing characters, environments, assets, and concept artwork to prepare for careers in the gaming industry.","game art portfolio, professional game artist, portfolio course, entertainment art, digital illustration",storage/photos/products/46.webp,10000,,,active,0,0,0,0,0,,,5,0,0,24 Hours,,,,,,NULL,NULL